measurement_id,person_id,measurement_concept_id,measurement_date,measurement_datetime,measurement_time,measurement_type_concept_id,operator_concept_id,value_as_number,value_as_concept_id,unit_concept_id,range_low,range_high,provider_id,visit_occurrence_id,visit_detail_id,measurement_source_value,measurement_source_concept_id,unit_source_value,value_source_value,source_section
157081891348403,1412389360241576,3038553,2009-05-16,,,32035,,26.4,0,,,,,3501573642865181,,39156-5,,,26.4,VITAL SIGNS
157081891348403,1412389360241576,3012888,2009-05-16,,,32035,,100,0,,,,,3501573642865181,,8462-4,,,100,VITAL SIGNS
157081891348403,1412389360241576,3004249,2009-05-16,,,32035,,155,0,,,,,3501573642865181,,8480-6,,,155,VITAL SIGNS
157081891348403,1412389360241576,3038553,2010-04-14,,,32035,,26.1,0,,,,,3501573642865181,,39156-5,,,26.1,VITAL SIGNS
157081891348403,1412389360241576,3012888,2010-04-14,,,32035,,85,0,,,,,3501573642865181,,8462-4,,,85,VITAL SIGNS
157081891348403,1412389360241576,3004249,2010-04-14,,,32035,,135,0,,,,,3501573642865181,,8480-6,,,135,VITAL SIGNS
157081891348403,1412389360241576,3038553,2010-09-15,,,32035,,25.8,0,,,,,3501573642865181,,39156-5,,,25.8,VITAL SIGNS
157081891348403,1412389360241576,3012888,2010-09-15,,,32035,,75,0,,,,,3501573642865181,,8462-4,,,75,VITAL SIGNS
157081891348403,1412389360241576,3004249,2010-09-15,,,32035,,120,0,,,,,3501573642865181,,8480-6,,,120,VITAL SIGNS
